{
  "project_info": {
    "project_number": "98189867539",
    "project_id": "project-test-302313",
    "storage_bucket": "project-test-302313.appspot.com"
  },
  "client": [
    {
      "client_info": {
        "mobilesdk_app_id": "1:98189867539:android:0234dff950f5a2c20c9de6",
        "android_client_info": {
          "package_name": "com.example.projekfinal"
        }
      },
      "oauth_client": [
        {
          "client_id": "98189867539-rrf8autjdmn8g64qpqamlngjmup6sibj.apps.googleusercontent.com",
          "client_type": 3
        }
      ],
      "api_key": [
        {
          "current_key": "AIzaSyCN8iAnBmV6PipLfJPr76Zaob6_snCTbgc"
        }
      ],
      "services": {
        "appinvite_service": {
          "other_platform_oauth_client": [
            {
              "client_id": "98189867539-rrf8autjdmn8g64qpqamlngjmup6sibj.apps.googleusercontent.com",
              "client_type": 3
            }
          ]
        }
      }
    }
  ],
  "configuration_version": "1"
}